Date (Daily +00:00: 01/01/2011 - 12/31/2011),Series,Value
2011-01-01,CNN,0.4435
2011-01-02,CNN,0.7002
2011-01-03,CNN,0.2172
2011-01-04,CNN,0.5254
2011-01-05,CNN,0.3935
2011-01-06,CNN,0.2537
2011-01-07,CNN,0.1156
2011-01-08,CNN,1.0032
2011-01-09,CNN,0.2989
2011-01-10,CNN,0.0974
2011-01-11,CNN,0.0465
2011-01-12,CNN,0.1368
2011-01-13,CNN,0.1842
2011-01-14,CNN,0.5425
2011-01-15,CNN,0.2316
2011-01-16,CNN,0.1172
2011-01-17,CNN,0.779
2011-01-18,CNN,0.091
2011-01-19,CNN,0.2994
2011-01-20,CNN,0.2542
2011-01-21,CNN,0.4083
2011-01-22,CNN,0.312
2011-01-23,CNN,0.3176
2011-01-24,CNN,0.1906
2011-01-25,CNN,0.3494
2011-01-26,CNN,0.7814
2011-01-27,CNN,1.0245
2011-01-28,CNN,1.7516
2011-01-29,CNN,2.2498
2011-01-30,CNN,1.0916
2011-01-31,CNN,0.4212
2011-02-01,CNN,0.8362
2011-02-02,CNN,0.2257
2011-02-03,CNN,0.5333
2011-02-04,CNN,0.5498
2011-02-05,CNN,0.6887
2011-02-06,CNN,0.379
2011-02-07,CNN,0.4606
2011-02-08,CNN,0.4681
2011-02-09,CNN,0.4053
2011-02-10,CNN,0.2856
2011-02-11,CNN,1.0117
2011-02-12,CNN,0.2999
2011-02-13,CNN,0.8802
2011-02-14,CNN,0.4507
2011-02-15,CNN,0.5097
2011-02-16,CNN,0.3245
2011-02-17,CNN,0.7012
2011-02-18,CNN,0.1614
2011-02-19,CNN,0.0686
2011-02-20,CNN,1.2055
2011-02-21,CNN,0.3779
2011-02-22,CNN,0.6654
2011-02-23,CNN,0.2293
2011-02-24,CNN,0.3721
2011-02-25,CNN,0.1618
2011-02-26,CNN,0.6155
2011-02-27,CNN,0.3669
2011-02-28,CNN,0.1596
2011-03-01,CNN,0.2253
2011-03-02,CNN,0.2616
2011-03-03,CNN,0.5582
2011-03-04,CNN,0.4056
2011-03-05,CNN,0.2565
2011-03-06,CNN,0.4966
2011-03-07,CNN,0.3546
2011-03-08,CNN,0.6793
2011-03-09,CNN,0.3224
2011-03-10,CNN,0.2336
2011-03-11,CNN,0.3393
2011-03-12,CNN,0.8583
2011-03-13,CNN,0.3102
2011-03-14,CNN,0.1598
2011-03-15,CNN,0.1769
2011-03-16,CNN,0.1404
2011-03-17,CNN,0.3454
2011-03-18,CNN,0.1598
2011-03-19,CNN,0.1098
2011-03-20,CNN,0.078
2011-03-21,CNN,0.5259
2011-03-22,CNN,0.5112
2011-03-23,CNN,0.324
2011-03-24,CNN,0.4227
2011-03-25,CNN,0.2001
2011-03-26,CNN,0.3329
2011-03-27,CNN,0.3071
2011-03-28,CNN,0.3251
2011-03-29,CNN,0.3533
2011-03-30,CNN,4.7407
2011-03-31,CNN,0.2106
2011-04-01,CNN,0.5137
2011-04-02,CNN,0.5335
2011-04-03,CNN,0.46
2011-04-04,CNN,0.2086
2011-04-05,CNN,0.396
2011-04-06,CNN,0.4428
2011-04-07,CNN,0.2322
2011-04-08,CNN,0.766
2011-04-09,CNN,0.7288
2011-04-10,CNN,0.4382
2011-04-11,CNN,0.7033
2011-04-12,CNN,0.2327
2011-04-13,CNN,0.1173
2011-04-14,CNN,0.3511
2011-04-15,CNN,0.7732
2011-04-16,CNN,0.5975
2011-04-17,CNN,0.1626
2011-04-18,CNN,0.6453
2011-04-19,CNN,0.6959
2011-04-20,CNN,0.2335
2011-04-21,CNN,0.1841
2011-04-22,CNN,0.1855
2011-04-23,CNN,1.1935
2011-04-24,CNN,1.0364
2011-04-25,CNN,0.117
2011-04-26,CNN,0.1373
2011-04-27,CNN,0.2024
2011-04-28,CNN,0.1367
2011-04-29,CNN,0.432
2011-04-30,CNN,0.271
2011-05-01,CNN,0.2401
2011-05-02,CNN,0.3252
2011-05-03,CNN,0.3378
2011-05-04,CNN,0.2703
2011-05-05,CNN,0.1267
2011-05-06,CNN,0.1538
2011-05-07,CNN,0.1812
2011-05-08,CNN,0.1455
2011-05-09,CNN,0.0935
2011-05-10,CNN,0.5018
2011-05-11,CNN,0.6047
2011-05-12,CNN,0.411
2011-05-13,CNN,0.2527
2011-05-14,CNN,0.2527
2011-05-15,CNN,0.2086
2011-05-16,CNN,0.3229
2011-05-17,CNN,0.3461
2011-05-18,CNN,0.8597
2011-05-19,CNN,0.3411
2011-05-20,CNN,0.273
2011-05-21,CNN,0.3669
2011-05-22,CNN,0.2211
2011-05-23,CNN,0.4026
2011-05-24,CNN,0.1373
2011-05-25,CNN,0.3909
2011-05-26,CNN,0.0692
2011-05-27,CNN,0.2747
2011-05-28,CNN,0.1386
2011-05-29,CNN,0.2119
2011-05-30,CNN,0.5878
2011-05-31,CNN,2.319
2011-06-01,CNN,3.0945
2011-06-02,CNN,3.2131
2011-06-03,CNN,0.7989
2011-06-04,CNN,0.5365
2011-06-05,CNN,0.593
2011-06-06,CNN,1.4121
2011-06-07,CNN,2.5058
2011-06-08,CNN,0.2807
2011-06-09,CNN,0.6722
2011-06-10,CNN,0.7823
2011-06-11,CNN,0.8469
2011-06-12,CNN,0.6443
2011-06-13,CNN,0.3749
2011-06-14,CNN,0.8379
2011-06-15,CNN,0.3238
2011-06-16,CNN,0.7905
2011-06-17,CNN,0.573
2011-06-18,CNN,0.3447
2011-06-19,CNN,0.624
2011-06-20,CNN,1.1331
2011-06-21,CNN,0.3459
2011-06-22,CNN,0.1858
2011-06-23,CNN,0.1392
2011-06-24,CNN,0.6676
2011-06-25,CNN,0.4878
2011-06-26,CNN,0.2935
2011-06-27,CNN,0.4579
2011-06-28,CNN,0.2588
2011-06-29,CNN,0.5758
2011-06-30,CNN,0.419
2011-07-01,CNN,0.1695
2011-07-02,CNN,0.6135
2011-07-03,CNN,0.3611
2011-07-04,CNN,0.396
2011-07-05,CNN,0.3683
2011-07-06,CNN,1.5629
2011-07-07,CNN,0.2557
2011-07-08,CNN,0.2293
2011-07-09,CNN,0.5762
2011-07-10,CNN,0.5162
2011-07-11,CNN,0.1401
2011-07-12,CNN,0.4845
2011-07-13,CNN,0.3047
2011-07-14,CNN,0.2792
2011-07-15,CNN,0.3712
2011-07-16,CNN,0.3215
2011-07-17,CNN,0.5194
2011-07-18,CNN,0.2852
2011-07-19,CNN,0.2989
2011-07-20,CNN,0.365
2011-07-21,CNN,0.3715
2011-07-22,CNN,0.2274
2011-07-23,CNN,0.2528
2011-07-24,CNN,0.8499
2011-07-25,CNN,0.351
2011-07-26,CNN,0.0703
2011-07-27,CNN,0.3882
2011-07-28,CNN,0.3608
2011-07-29,CNN,0.319
2011-07-30,CNN,0.6573
2011-07-31,CNN,0.3456
2011-08-01,CNN,0.1567
2011-08-02,CNN,0.2312
2011-08-03,CNN,0.2481
2011-08-04,CNN,0.1962
2011-08-05,CNN,0.6821
2011-08-06,CNN,0.3507
2011-08-07,CNN,0.6005
2011-08-08,CNN,0.0682
2011-08-09,CNN,0.493
2011-08-10,CNN,0.1838
2011-08-11,CNN,0.3882
2011-08-12,CNN,0.4178
2011-08-13,CNN,0.204
2011-08-14,CNN,0.6046
2011-08-15,CNN,0.2399
2011-08-16,CNN,0.2953
2011-08-17,CNN,0.2263
2011-08-18,CNN,0.2481
2011-08-19,CNN,0.4026
2011-08-20,CNN,0.8417
2011-08-21,CNN,0.5378
2011-08-22,CNN,0.0268
2011-08-23,CNN,0.0677
2011-08-24,CNN,0.2863
2011-08-25,CNN,0.4321
2011-08-26,CNN,0.2015
2011-08-27,CNN,0.4721
2011-08-28,CNN,0.2737
2011-08-29,CNN,0.1667
2011-08-30,CNN,0.7409
2011-08-31,CNN,0.1148
2011-09-01,CNN,0.3471
2011-09-02,CNN,0.2499
2011-09-03,CNN,0.1854
2011-09-04,CNN,0.2855
2011-09-05,CNN,0
2011-09-06,CNN,0.2012
2011-09-07,CNN,0.4648
2011-09-08,CNN,0.4497
2011-09-09,CNN,0.1974
2011-09-10,CNN,0.4757
2011-09-11,CNN,0.4137
2011-09-12,CNN,0.1272
2011-09-13,CNN,0.6679
2011-09-14,CNN,0.2757
2011-09-15,CNN,0.3189
2011-09-16,CNN,0.2708
2011-09-17,CNN,0.3115
2011-09-18,CNN,0.3822
2011-09-19,CNN,0.0998
2011-09-20,CNN,0.3198
2011-09-21,CNN,0.3111
2011-09-22,CNN,0.1115
2011-09-23,CNN,0.3779
2011-09-24,CNN,0.542
2011-09-25,CNN,0.6166
2011-09-26,CNN,0.1074
2011-09-27,CNN,0.303
2011-09-28,CNN,0.2087
2011-09-29,CNN,0.3444
2011-09-30,CNN,0.3933
2011-10-01,CNN,0.4883
2011-10-02,CNN,0.2129
2011-10-03,CNN,0.1415
2011-10-04,CNN,0.1744
2011-10-05,CNN,0.5916
2011-10-06,CNN,0.6207
2011-10-07,CNN,0.1603
2011-10-08,CNN,0.2953
2011-10-09,CNN,0.2279
2011-10-10,CNN,0.2387
2011-10-11,CNN,0.135
2011-10-12,CNN,0.1832
2011-10-13,CNN,0.2291
2011-10-14,CNN,0.1603
2011-10-15,CNN,0.3203
2011-10-16,CNN,0.7106
2011-10-17,CNN,0.0912
2011-10-18,CNN,0.4801
2011-10-19,CNN,0.522
2011-10-20,CNN,0.1543
2011-10-21,CNN,0.1577
2011-10-22,CNN,0.3304
2011-10-23,CNN,0.0992
2011-10-24,CNN,0.0229
2011-10-25,CNN,0.2519
2011-10-26,CNN,0.2984
2011-10-27,CNN,0.4601
2011-10-28,CNN,0.2509
2011-10-29,CNN,0.2514
2011-10-30,CNN,0.2533
2011-10-31,CNN,0.0465
2011-11-01,CNN,0.5682
2011-11-02,CNN,0.0454
2011-11-03,CNN,0.3642
2011-11-04,CNN,0.1972
2011-11-05,CNN,0.2714
2011-11-06,CNN,0.3045
2011-11-07,CNN,0.0451
2011-11-08,CNN,0.1593
2011-11-09,CNN,0.3233
2011-11-10,CNN,0.2489
2011-11-11,CNN,0.5507
2011-11-12,CNN,0.4503
2011-11-13,CNN,0.5349
2011-11-14,CNN,0.3923
2011-11-15,CNN,0.5056
2011-11-16,CNN,0.3814
2011-11-17,CNN,0.5002
2011-11-18,CNN,0.6582
2011-11-19,CNN,0.2721
2011-11-20,CNN,0.2173
2011-11-21,CNN,0.2125
2011-11-22,CNN,0.2749
2011-11-23,CNN,0.6188
2011-11-24,CNN,0.2067
2011-11-25,CNN,0.5887
2011-11-26,CNN,0.4718
2011-11-27,CNN,0.592
2011-11-28,CNN,0.1815
2011-11-29,CNN,0.3428
2011-11-30,CNN,0.3682
2011-12-01,CNN,0.2498
2011-12-02,CNN,0.3244
2011-12-03,CNN,0.4196
2011-12-04,CNN,0.2705
2011-12-05,CNN,0.1848
2011-12-06,CNN,0.2559
2011-12-07,CNN,0.4202
2011-12-08,CNN,0.5075
2011-12-09,CNN,0.4923
2011-12-10,CNN,0.3531
2011-12-11,CNN,0.5445
2011-12-12,CNN,0.2773
2011-12-13,CNN,0.214
2011-12-14,CNN,0.3191
2011-12-15,CNN,0.2078
2011-12-16,CNN,0.5053
2011-12-17,CNN,0.5614
2011-12-18,CNN,0.4521
2011-12-19,CNN,0.265
2011-12-20,CNN,0.4442
2011-12-21,CNN,0.7004
2011-12-22,CNN,0.4157
2011-12-23,CNN,0.3455
2011-12-24,CNN,0.3508
2011-12-25,CNN,0.405
2011-12-26,CNN,0.1695
2011-12-27,CNN,0.4503
2011-12-28,CNN,1.3788
2011-12-29,CNN,0.142
2011-12-30,CNN,0.5888
2011-12-31,CNN,0.551
2011-01-01,FOXNEWS,0.247
2011-01-02,FOXNEWS,0.3283
2011-01-03,FOXNEWS,0.2754
2011-01-04,FOXNEWS,0.1417
2011-01-05,FOXNEWS,0.0938
2011-01-06,FOXNEWS,0.1411
2011-01-07,FOXNEWS,0.1181
2011-01-08,FOXNEWS,0.5286
2011-01-09,FOXNEWS,0.0705
2011-01-10,FOXNEWS,0.059
2011-01-11,FOXNEWS,0.2943
2011-01-12,FOXNEWS,0.2173
2011-01-13,FOXNEWS,0.0701
2011-01-14,FOXNEWS,0.1224
2011-01-15,FOXNEWS,0.0723
2011-01-16,FOXNEWS,0.1224
2011-01-17,FOXNEWS,0.0848
2011-01-18,FOXNEWS,0.2406
2011-01-19,FOXNEWS,0.1446
2011-01-20,FOXNEWS,0.1468
2011-01-21,FOXNEWS,0.2627
2011-01-22,FOXNEWS,0.4986
2011-01-23,FOXNEWS,0.4797
2011-01-24,FOXNEWS,0.172
2011-01-25,FOXNEWS,0.2196
2011-01-26,FOXNEWS,0.2315
2011-01-27,FOXNEWS,0.3931
2011-01-28,FOXNEWS,0.692
2011-01-29,FOXNEWS,0.933
2011-01-30,FOXNEWS,0.6294
2011-01-31,FOXNEWS,0.5124
2011-02-01,FOXNEWS,0.2717
2011-02-02,FOXNEWS,0.3581
2011-02-03,FOXNEWS,0.4509
2011-02-04,FOXNEWS,0.1249
2011-02-05,FOXNEWS,0.3666
2011-02-06,FOXNEWS,0.3671
2011-02-07,FOXNEWS,0.2474
2011-02-08,FOXNEWS,0.1518
2011-02-09,FOXNEWS,0.1987
2011-02-10,FOXNEWS,0.145
2011-02-11,FOXNEWS,0.4406
2011-02-12,FOXNEWS,0.2443
2011-02-13,FOXNEWS,0.263
2011-02-14,FOXNEWS,0.3926
2011-02-15,FOXNEWS,0.3813
2011-02-16,FOXNEWS,0.2709
2011-02-17,FOXNEWS,0.0766
2011-02-18,FOXNEWS,0.0503
2011-02-19,FOXNEWS,0.3394
2011-02-20,FOXNEWS,0.3611
2011-02-21,FOXNEWS,0.0484
2011-02-22,FOXNEWS,0.0997
2011-02-23,FOXNEWS,0.1478
2011-02-24,FOXNEWS,0.0496
2011-02-25,FOXNEWS,0.1738
2011-02-26,FOXNEWS,0.1939
2011-02-27,FOXNEWS,0.3373
2011-02-28,FOXNEWS,0.0243
2011-03-01,FOXNEWS,0.1942
2011-03-02,FOXNEWS,0.3173
2011-03-03,FOXNEWS,0.1427
2011-03-04,FOXNEWS,0.3834
2011-03-05,FOXNEWS,0.5977
2011-03-06,FOXNEWS,0.3338
2011-03-07,FOXNEWS,0.2935
2011-03-08,FOXNEWS,0.1687
2011-03-09,FOXNEWS,0.1478
2011-03-10,FOXNEWS,0.0962
2011-03-11,FOXNEWS,0.2689
2011-03-12,FOXNEWS,0.3877
2011-03-13,FOXNEWS,0.2818
2011-03-14,FOXNEWS,0.0956
2011-03-15,FOXNEWS,0.2933
2011-03-16,FOXNEWS,0.1223
2011-03-17,FOXNEWS,0.0265
2011-03-18,FOXNEWS,0.1193
2011-03-19,FOXNEWS,0.072
2011-03-20,FOXNEWS,0.1188
2011-03-21,FOXNEWS,0.0738
2011-03-22,FOXNEWS,0.1951
2011-03-23,FOXNEWS,0.1469
2011-03-24,FOXNEWS,0.1773
2011-03-25,FOXNEWS,0.0497
2011-03-26,FOXNEWS,0.2153
2011-03-27,FOXNEWS,0.42
2011-03-28,FOXNEWS,0.0238
2011-03-29,FOXNEWS,0.3378
2011-03-30,FOXNEWS,0.2658
2011-03-31,FOXNEWS,0.0731
2011-04-01,FOXNEWS,0.2471
2011-04-02,FOXNEWS,0.3017
2011-04-03,FOXNEWS,0.1709
2011-04-04,FOXNEWS,0.1926
2011-04-05,FOXNEWS,0.1203
2011-04-06,FOXNEWS,0.0235
2011-04-07,FOXNEWS,0
2011-04-08,FOXNEWS,0
2011-04-09,FOXNEWS,0
2011-04-10,FOXNEWS,0
2011-04-11,FOXNEWS,0
2011-04-12,FOXNEWS,0
2011-04-13,FOXNEWS,0
2011-04-14,FOXNEWS,0.1198
2011-04-15,FOXNEWS,0.4299
2011-04-16,FOXNEWS,0.1885
2011-04-17,FOXNEWS,0.4008
2011-04-18,FOXNEWS,0.1084
2011-04-19,FOXNEWS,0.1483
2011-04-20,FOXNEWS,0.268
2011-04-21,FOXNEWS,0.1205
2011-04-22,FOXNEWS,0.2378
2011-04-23,FOXNEWS,0.14
2011-04-24,FOXNEWS,0.2632
2011-04-25,FOXNEWS,0.0274
2011-04-26,FOXNEWS,0.0734
2011-04-27,FOXNEWS,0.1095
2011-04-28,FOXNEWS,0.1085
2011-04-29,FOXNEWS,0.0569
2011-04-30,FOXNEWS,0.138
2011-05-01,FOXNEWS,0.098
2011-05-02,FOXNEWS,0.1717
2011-05-03,FOXNEWS,0.1
2011-05-04,FOXNEWS,0.0241
2011-05-05,FOXNEWS,0.4599
2011-05-06,FOXNEWS,0.1617
2011-05-07,FOXNEWS,0.2125
2011-05-08,FOXNEWS,0.2952
2011-05-09,FOXNEWS,0.3554
2011-05-10,FOXNEWS,0.2664
2011-05-11,FOXNEWS,0.5337
2011-05-12,FOXNEWS,0.2901
2011-05-13,FOXNEWS,0.1217
2011-05-14,FOXNEWS,0.1187
2011-05-15,FOXNEWS,0.2321
2011-05-16,FOXNEWS,0.1927
2011-05-17,FOXNEWS,0.0963
2011-05-18,FOXNEWS,0.471
2011-05-19,FOXNEWS,0.2405
2011-05-20,FOXNEWS,0.1973
2011-05-21,FOXNEWS,0.2527
2011-05-22,FOXNEWS,0.4899
2011-05-23,FOXNEWS,0.2803
2011-05-24,FOXNEWS,0.1954
2011-05-25,FOXNEWS,0.0965
2011-05-26,FOXNEWS,0.0247
2011-05-27,FOXNEWS,0.196
2011-05-28,FOXNEWS,0.1226
2011-05-29,FOXNEWS,0.2092
2011-05-30,FOXNEWS,0.0823
2011-05-31,FOXNEWS,0.3351
2011-06-01,FOXNEWS,2.3927
2011-06-02,FOXNEWS,2.8933
2011-06-03,FOXNEWS,0.763
2011-06-04,FOXNEWS,0.4531
2011-06-05,FOXNEWS,0.4505
2011-06-06,FOXNEWS,0.6529
2011-06-07,FOXNEWS,1.8081
2011-06-08,FOXNEWS,0.4104
2011-06-09,FOXNEWS,0.5597
2011-06-10,FOXNEWS,0.7466
2011-06-11,FOXNEWS,1.0111
2011-06-12,FOXNEWS,0.4609
2011-06-13,FOXNEWS,0.4622
2011-06-14,FOXNEWS,0.1229
2011-06-15,FOXNEWS,0.2421
2011-06-16,FOXNEWS,0.5518
2011-06-17,FOXNEWS,0.5955
2011-06-18,FOXNEWS,0.4404
2011-06-19,FOXNEWS,0.2641
2011-06-20,FOXNEWS,0.3303
2011-06-21,FOXNEWS,0.1972
2011-06-22,FOXNEWS,0.1745
2011-06-23,FOXNEWS,0.0951
2011-06-24,FOXNEWS,0.0473
2011-06-25,FOXNEWS,0.1222
2011-06-26,FOXNEWS,0.1497
2011-06-27,FOXNEWS,0.2144
2011-06-28,FOXNEWS,0.1154
2011-06-29,FOXNEWS,0.2509
2011-06-30,FOXNEWS,0.2844
2011-07-01,FOXNEWS,0.15
2011-07-02,FOXNEWS,0.2752
2011-07-03,FOXNEWS,0.1642
2011-07-04,FOXNEWS,0.1109
2011-07-05,FOXNEWS,0.3984
2011-07-06,FOXNEWS,0.351
2011-07-07,FOXNEWS,0.432
2011-07-08,FOXNEWS,0.1465
2011-07-09,FOXNEWS,0.0982
2011-07-10,FOXNEWS,0.2082
2011-07-11,FOXNEWS,0.0943
2011-07-12,FOXNEWS,0.1724
2011-07-13,FOXNEWS,0.3659
2011-07-14,FOXNEWS,0.1743
2011-07-15,FOXNEWS,0.285
2011-07-16,FOXNEWS,0.2493
2011-07-17,FOXNEWS,0.212
2011-07-18,FOXNEWS,0.2923
2011-07-19,FOXNEWS,0.1371
2011-07-20,FOXNEWS,0.2197
2011-07-21,FOXNEWS,0.4005
2011-07-22,FOXNEWS,0.2369
2011-07-23,FOXNEWS,0.2827
2011-07-24,FOXNEWS,0.2345
2011-07-25,FOXNEWS,0.0242
2011-07-26,FOXNEWS,0.0969
2011-07-27,FOXNEWS,0.0965
2011-07-28,FOXNEWS,0.095
2011-07-29,FOXNEWS,0.3601
2011-07-30,FOXNEWS,0.389
2011-07-31,FOXNEWS,0.105
2011-08-01,FOXNEWS,0.0469
2011-08-02,FOXNEWS,0.0693
2011-08-03,FOXNEWS,0.3912
2011-08-04,FOXNEWS,0.1655
2011-08-05,FOXNEWS,0.0961
2011-08-06,FOXNEWS,0.1635
2011-08-07,FOXNEWS,0.3331
2011-08-08,FOXNEWS,0.104
2011-08-09,FOXNEWS,0.0962
2011-08-10,FOXNEWS,0.2387
2011-08-11,FOXNEWS,0.3794
2011-08-12,FOXNEWS,0.069
2011-08-13,FOXNEWS,0.1146
2011-08-14,FOXNEWS,0.1828
2011-08-15,FOXNEWS,0.119
2011-08-16,FOXNEWS,0.2435
2011-08-17,FOXNEWS,0.216
2011-08-18,FOXNEWS,0.1936
2011-08-19,FOXNEWS,0.2382
2011-08-20,FOXNEWS,0.1851
2011-08-21,FOXNEWS,0.6741
2011-08-22,FOXNEWS,0.0971
2011-08-23,FOXNEWS,0.1401
2011-08-24,FOXNEWS,0.095
2011-08-25,FOXNEWS,0.1331
2011-08-26,FOXNEWS,0.304
2011-08-27,FOXNEWS,0.2794
2011-08-28,FOXNEWS,0.5188
2011-08-29,FOXNEWS,0.1682
2011-08-30,FOXNEWS,0.1662
2011-08-31,FOXNEWS,0.2151
2011-09-01,FOXNEWS,0.1208
2011-09-02,FOXNEWS,0.2173
2011-09-03,FOXNEWS,0.377
2011-09-04,FOXNEWS,0.2619
2011-09-05,FOXNEWS,0.2011
2011-09-06,FOXNEWS,0.0527
2011-09-07,FOXNEWS,0.0974
2011-09-08,FOXNEWS,0.2934
2011-09-09,FOXNEWS,0.0978
2011-09-10,FOXNEWS,0.1388
2011-09-11,FOXNEWS,0.0984
2011-09-12,FOXNEWS,0.0258
2011-09-13,FOXNEWS,0.0729
2011-09-14,FOXNEWS,0.1206
2011-09-15,FOXNEWS,0.1191
2011-09-16,FOXNEWS,0.2631
2011-09-17,FOXNEWS,0.0705
2011-09-18,FOXNEWS,0.3021
2011-09-19,FOXNEWS,0.1432
2011-09-20,FOXNEWS,0.1181
2011-09-21,FOXNEWS,0.1204
2011-09-22,FOXNEWS,0.072
2011-09-23,FOXNEWS,0.0677
2011-09-24,FOXNEWS,0.0707
2011-09-25,FOXNEWS,0.274
2011-09-26,FOXNEWS,0.1672
2011-09-27,FOXNEWS,0.1957
2011-09-28,FOXNEWS,0.191
2011-09-29,FOXNEWS,0.1403
2011-09-30,FOXNEWS,0.2155
2011-10-01,FOXNEWS,0.1881
2011-10-02,FOXNEWS,0.4538
2011-10-03,FOXNEWS,0.047
2011-10-04,FOXNEWS,0.0233
2011-10-05,FOXNEWS,0
2011-10-06,FOXNEWS,0.046
2011-10-07,FOXNEWS,0.1421
2011-10-08,FOXNEWS,0.1825
2011-10-09,FOXNEWS,0.3846
2011-10-10,FOXNEWS,0.2914
2011-10-11,FOXNEWS,0.1689
2011-10-12,FOXNEWS,0.2211
2011-10-13,FOXNEWS,0.1383
2011-10-14,FOXNEWS,0.0463
2011-10-15,FOXNEWS,0.1583
2011-10-16,FOXNEWS,0.2826
2011-10-17,FOXNEWS,0.1841
2011-10-18,FOXNEWS,0.1171
2011-10-19,FOXNEWS,0.1367
2011-10-20,FOXNEWS,0.0227
2011-10-21,FOXNEWS,0
2011-10-22,FOXNEWS,0.1999
2011-10-23,FOXNEWS,0.2201
2011-10-24,FOXNEWS,0.0687
2011-10-25,FOXNEWS,0.047
2011-10-26,FOXNEWS,0.0697
2011-10-27,FOXNEWS,0.0464
2011-10-28,FOXNEWS,0.1411
2011-10-29,FOXNEWS,0.3167
2011-10-30,FOXNEWS,0.2065
2011-10-31,FOXNEWS,0.0918
2011-11-01,FOXNEWS,0.2097
2011-11-02,FOXNEWS,0.115
2011-11-03,FOXNEWS,0.161
2011-11-04,FOXNEWS,0.093
2011-11-05,FOXNEWS,0.233
2011-11-06,FOXNEWS,0.3664
2011-11-07,FOXNEWS,0.1603
2011-11-08,FOXNEWS,0.0676
2011-11-09,FOXNEWS,0.0465
2011-11-10,FOXNEWS,0.1173
2011-11-11,FOXNEWS,0.2365
2011-11-12,FOXNEWS,0.2125
2011-11-13,FOXNEWS,0.3712
2011-11-14,FOXNEWS,0.1171
2011-11-15,FOXNEWS,0.2885
2011-11-16,FOXNEWS,0.2919
2011-11-17,FOXNEWS,0.217
2011-11-18,FOXNEWS,0.0479
2011-11-19,FOXNEWS,0.1431
2011-11-20,FOXNEWS,0.5351
2011-11-21,FOXNEWS,0.1217
2011-11-22,FOXNEWS,0.1453
2011-11-23,FOXNEWS,0.4356
2011-11-24,FOXNEWS,0.2166
2011-11-25,FOXNEWS,0.1998
2011-11-26,FOXNEWS,0.2745
2011-11-27,FOXNEWS,0.2793
2011-11-28,FOXNEWS,0.1196
2011-11-29,FOXNEWS,0.2578
2011-11-30,FOXNEWS,0.1472
2011-12-01,FOXNEWS,0.0726
2011-12-02,FOXNEWS,0.2665
2011-12-03,FOXNEWS,0.3629
2011-12-04,FOXNEWS,0.3331
2011-12-05,FOXNEWS,0.0946
2011-12-06,FOXNEWS,0.0713
2011-12-07,FOXNEWS,0.4051
2011-12-08,FOXNEWS,0.5065
2011-12-09,FOXNEWS,0.2686
2011-12-10,FOXNEWS,0.4614
2011-12-11,FOXNEWS,0.6308
2011-12-12,FOXNEWS,0.1642
2011-12-13,FOXNEWS,0.1678
2011-12-14,FOXNEWS,0.0961
2011-12-15,FOXNEWS,0.0741
2011-12-16,FOXNEWS,0.3855
2011-12-17,FOXNEWS,0.2172
2011-12-18,FOXNEWS,0.303
2011-12-19,FOXNEWS,0.1446
2011-12-20,FOXNEWS,0.3406
2011-12-21,FOXNEWS,0.0955
2011-12-22,FOXNEWS,0.6649
2011-12-23,FOXNEWS,0.3083
2011-12-24,FOXNEWS,0.1004
2011-12-25,FOXNEWS,0.3616
2011-12-26,FOXNEWS,0.1638
2011-12-27,FOXNEWS,0.1854
2011-12-28,FOXNEWS,0.2601
2011-12-29,FOXNEWS,0.1191
2011-12-30,FOXNEWS,0.2145
2011-12-31,FOXNEWS,0.5621
2011-01-01,MSNBC,0.1078
2011-01-02,MSNBC,0.2026
2011-01-03,MSNBC,0.3421
2011-01-04,MSNBC,0.3445
2011-01-05,MSNBC,0.2485
2011-01-06,MSNBC,0.2961
2011-01-07,MSNBC,0.1387
2011-01-08,MSNBC,0.9225
2011-01-09,MSNBC,0.8372
2011-01-10,MSNBC,0.303
2011-01-11,MSNBC,0.2267
2011-01-12,MSNBC,0.3157
2011-01-13,MSNBC,0.3637
2011-01-14,MSNBC,0.1361
2011-01-15,MSNBC,0.3593
2011-01-16,MSNBC,0.2712
2011-01-17,MSNBC,0.1659
2011-01-18,MSNBC,0.0221
2011-01-19,MSNBC,0.2017
2011-01-20,MSNBC,0.1799
2011-01-21,MSNBC,0.201
2011-01-22,MSNBC,0.3604
2011-01-23,MSNBC,0.4417
2011-01-24,MSNBC,0.2643
2011-01-25,MSNBC,0.329
2011-01-26,MSNBC,0.576
2011-01-27,MSNBC,0.4216
2011-01-28,MSNBC,0.9945
2011-01-29,MSNBC,1.3482
2011-01-30,MSNBC,0.7867
2011-01-31,MSNBC,0.5305
2011-02-01,MSNBC,0.4747
2011-02-02,MSNBC,0.1774
2011-02-03,MSNBC,0.3204
2011-02-04,MSNBC,0.5373
2011-02-05,MSNBC,0.5438
2011-02-06,MSNBC,0.6261
2011-02-07,MSNBC,0.1982
2011-02-08,MSNBC,0.4263
2011-02-09,MSNBC,0.2464
2011-02-10,MSNBC,0.5417
2011-02-11,MSNBC,0.5041
2011-02-12,MSNBC,0.5583
2011-02-13,MSNBC,0.784
2011-02-14,MSNBC,0.2333
2011-02-15,MSNBC,0.5304
2011-02-16,MSNBC,0.3594
2011-02-17,MSNBC,0.3488
2011-02-18,MSNBC,0.3837
2011-02-19,MSNBC,0.3049
2011-02-20,MSNBC,0.5124
2011-02-21,MSNBC,0.2655
2011-02-22,MSNBC,0.3432
2011-02-23,MSNBC,0.2886
2011-02-24,MSNBC,0.444
2011-02-25,MSNBC,0.1751
2011-02-26,MSNBC,0.2372
2011-02-27,MSNBC,0.3776
2011-02-28,MSNBC,0.265
2011-03-01,MSNBC,0.2423
2011-03-02,MSNBC,0.3986
2011-03-03,MSNBC,0.2203
2011-03-04,MSNBC,0.3336
2011-03-05,MSNBC,0.6418
2011-03-06,MSNBC,0.3135
2011-03-07,MSNBC,0.2835
2011-03-08,MSNBC,0.2675
2011-03-09,MSNBC,0.3369
2011-03-10,MSNBC,0.1096
2011-03-11,MSNBC,0.3049
2011-03-12,MSNBC,0.1215
2011-03-13,MSNBC,0.4698
2011-03-14,MSNBC,0.3729
2011-03-15,MSNBC,0.2012
2011-03-16,MSNBC,0.0664
2011-03-17,MSNBC,0.1325
2011-03-18,MSNBC,0.2453
2011-03-19,MSNBC,0.2784
2011-03-20,MSNBC,0.155
2011-03-21,MSNBC,0.1646
2011-03-22,MSNBC,0.092
2011-03-23,MSNBC,0.3604
2011-03-24,MSNBC,0.1408
2011-03-25,MSNBC,0.5074
2011-03-26,MSNBC,0
2011-03-27,MSNBC,0.2016
2011-03-28,MSNBC,0.5229
2011-03-29,MSNBC,0.2991
2011-03-30,MSNBC,0.4595
2011-03-31,MSNBC,0.2999
2011-04-01,MSNBC,0.2966
2011-04-02,MSNBC,0.208
2011-04-03,MSNBC,0.4513
2011-04-04,MSNBC,0.1592
2011-04-05,MSNBC,0.2232
2011-04-06,MSNBC,0.2022
2011-04-07,MSNBC,0.2244
2011-04-08,MSNBC,0.0902
2011-04-09,MSNBC,0.2719
2011-04-10,MSNBC,0.0901
2011-04-11,MSNBC,0.0951
2011-04-12,MSNBC,0.455
2011-04-13,MSNBC,0.314
2011-04-14,MSNBC,0.2511
2011-04-15,MSNBC,0.2063
2011-04-16,MSNBC,0.271
2011-04-17,MSNBC,0.1761
2011-04-18,MSNBC,0.1559
2011-04-19,MSNBC,0.3333
2011-04-20,MSNBC,0.2221
2011-04-21,MSNBC,0.3584
2011-04-22,MSNBC,0.0918
2011-04-23,MSNBC,0.1346
2011-04-24,MSNBC,0.4299
2011-04-25,MSNBC,0.2201
2011-04-26,MSNBC,0.4025
2011-04-27,MSNBC,0.0702
2011-04-28,MSNBC,0.2674
2011-04-29,MSNBC,0.158
2011-04-30,MSNBC,0.2247
2011-05-01,MSNBC,0.0897
2011-05-02,MSNBC,0.0898
2011-05-03,MSNBC,0.1128
2011-05-04,MSNBC,0.0915
2011-05-05,MSNBC,0.1368
2011-05-06,MSNBC,0.2275
2011-05-07,MSNBC,0.1972
2011-05-08,MSNBC,0.1753
2011-05-09,MSNBC,0.2422
2011-05-10,MSNBC,0.1818
2011-05-11,MSNBC,0.5042
2011-05-12,MSNBC,0.4175
2011-05-13,MSNBC,0.0912
2011-05-14,MSNBC,0.2729
2011-05-15,MSNBC,0.2667
2011-05-16,MSNBC,0.1583
2011-05-17,MSNBC,0.4585
2011-05-18,MSNBC,0.2942
2011-05-19,MSNBC,0.3605
2011-05-20,MSNBC,0.2495
2011-05-21,MSNBC,0.7639
2011-05-22,MSNBC,0.6071
2011-05-23,MSNBC,0.4453
2011-05-24,MSNBC,0
2011-05-25,MSNBC,0.1148
2011-05-26,MSNBC,0.1374
2011-05-27,MSNBC,0.115
2011-05-28,MSNBC,0.3976
2011-05-29,MSNBC,0.4409
2011-05-30,MSNBC,0.0591
2011-05-31,MSNBC,0.89
2011-06-01,MSNBC,2.7654
2011-06-02,MSNBC,3.264
2011-06-03,MSNBC,1.2248
2011-06-04,MSNBC,1.3289
2011-06-05,MSNBC,0.1163
2011-06-06,MSNBC,0.6352
2011-06-07,MSNBC,1.7315
2011-06-08,MSNBC,0.6938
2011-06-09,MSNBC,0.5779
2011-06-10,MSNBC,0.4041
2011-06-11,MSNBC,1.1742
2011-06-12,MSNBC,1.3158
2011-06-13,MSNBC,0.3149
2011-06-14,MSNBC,0.4027
2011-06-15,MSNBC,0.1348
2011-06-16,MSNBC,0.8672
2011-06-17,MSNBC,0.385
2011-06-18,MSNBC,0.5355
2011-06-19,MSNBC,0.6217
2011-06-20,MSNBC,0.3176
2011-06-21,MSNBC,0.2729
2011-06-22,MSNBC,0.2713
2011-06-23,MSNBC,0.1797
2011-06-24,MSNBC,0.251
2011-06-25,MSNBC,0.3324
2011-06-26,MSNBC,0.1795
2011-06-27,MSNBC,0.2198
2011-06-28,MSNBC,0.2739
2011-06-29,MSNBC,0.2981
2011-06-30,MSNBC,0.3727
2011-07-01,MSNBC,0.3185
2011-07-02,MSNBC,0.3446
2011-07-03,MSNBC,0.3956
2011-07-04,MSNBC,0.073
2011-07-05,MSNBC,0.6027
2011-07-06,MSNBC,2.2449
2011-07-07,MSNBC,0.9772
2011-07-08,MSNBC,0.1389
2011-07-09,MSNBC,0.1397
2011-07-10,MSNBC,0.1861
2011-07-11,MSNBC,0.1825
2011-07-12,MSNBC,0.1614
2011-07-13,MSNBC,0.298
2011-07-14,MSNBC,0.2862
2011-07-15,MSNBC,0.2446
2011-07-16,MSNBC,0.1163
2011-07-17,MSNBC,0.6173
2011-07-18,MSNBC,0.1886
2011-07-19,MSNBC,0.1322
2011-07-20,MSNBC,0.2272
2011-07-21,MSNBC,0.1143
2011-07-22,MSNBC,0.2944
2011-07-23,MSNBC,0.2705
2011-07-24,MSNBC,0.7143
2011-07-25,MSNBC,0.2206
2011-07-26,MSNBC,0.2683
2011-07-27,MSNBC,0.2494
2011-07-28,MSNBC,0.2703
2011-07-29,MSNBC,0.4544
2011-07-30,MSNBC,0.6069
2011-07-31,MSNBC,0.4476
2011-08-01,MSNBC,0.3803
2011-08-02,MSNBC,0.1791
2011-08-03,MSNBC,0.544
2011-08-04,MSNBC,0.3631
2011-08-05,MSNBC,0.2084
2011-08-06,MSNBC,0.6748
2011-08-07,MSNBC,0.6306
2011-08-08,MSNBC,0.2822
2011-08-09,MSNBC,0.3668
2011-08-10,MSNBC,0.115
2011-08-11,MSNBC,0.3003
2011-08-12,MSNBC,0.3035
2011-08-13,MSNBC,0.1713
2011-08-14,MSNBC,0.2725
2011-08-15,MSNBC,0.3191
2011-08-16,MSNBC,0.2733
2011-08-17,MSNBC,0.0684
2011-08-18,MSNBC,0.2774
2011-08-19,MSNBC,0.2305
2011-08-20,MSNBC,0.2719
2011-08-21,MSNBC,0.4429
2011-08-22,MSNBC,0.2835
2011-08-23,MSNBC,0.4865
2011-08-24,MSNBC,0.4091
2011-08-25,MSNBC,0.251
2011-08-26,MSNBC,0.0229
2011-08-27,MSNBC,0.3979
2011-08-28,MSNBC,0.252
2011-08-29,MSNBC,0.2868
2011-08-30,MSNBC,0.3378
2011-08-31,MSNBC,0.2492
2011-09-01,MSNBC,0.7004
2011-09-02,MSNBC,0.235
2011-09-03,MSNBC,0.3053
2011-09-04,MSNBC,0.2611
2011-09-05,MSNBC,0.187
2011-09-06,MSNBC,0.0902
2011-09-07,MSNBC,0.2686
2011-09-08,MSNBC,0.2377
2011-09-09,MSNBC,0.1355
2011-09-10,MSNBC,0.1368
2011-09-11,MSNBC,0.0339
2011-09-12,MSNBC,0.0916
2011-09-13,MSNBC,0.3326
2011-09-14,MSNBC,0.1753
2011-09-15,MSNBC,0.1768
2011-09-16,MSNBC,0.1101
2011-09-17,MSNBC,0.4967
2011-09-18,MSNBC,0.2513
2011-09-19,MSNBC,0.1859
2011-09-20,MSNBC,0.2194
2011-09-21,MSNBC,0.6975
2011-09-22,MSNBC,0.438
2011-09-23,MSNBC,0.2648
2011-09-24,MSNBC,0.3436
2011-09-25,MSNBC,0.495
2011-09-26,MSNBC,0.2534
2011-09-27,MSNBC,0.2497
2011-09-28,MSNBC,0.3148
2011-09-29,MSNBC,0.3363
2011-09-30,MSNBC,0.4055
2011-10-01,MSNBC,0.3527
2011-10-02,MSNBC,0.5208
2011-10-03,MSNBC,0.158
2011-10-04,MSNBC,0.2219
2011-10-05,MSNBC,0.3375
2011-10-06,MSNBC,0.3101
2011-10-07,MSNBC,0.5443
2011-10-08,MSNBC,0.4723
2011-10-09,MSNBC,0.0887
2011-10-10,MSNBC,0.0632
2011-10-11,MSNBC,0.2884
2011-10-12,MSNBC,0.244
2011-10-13,MSNBC,0.2882
2011-10-14,MSNBC,0.2658
2011-10-15,MSNBC,0.3369
2011-10-16,MSNBC,0.0882
2011-10-17,MSNBC,0.2829
2011-10-18,MSNBC,0.2453
2011-10-19,MSNBC,0.1323
2011-10-20,MSNBC,0.11
2011-10-21,MSNBC,0.2679
2011-10-22,MSNBC,0.271
2011-10-23,MSNBC,0.5305
2011-10-24,MSNBC,0.1869
2011-10-25,MSNBC,0.6427
2011-10-26,MSNBC,0.7069
2011-10-27,MSNBC,0.3796
2011-10-28,MSNBC,0.2465
2011-10-29,MSNBC,0.4679
2011-10-30,MSNBC,0.1726
2011-10-31,MSNBC,0.1578
2011-11-01,MSNBC,0.3789
2011-11-02,MSNBC,0.2882
2011-11-03,MSNBC,0.3806
2011-11-04,MSNBC,0.4947
2011-11-05,MSNBC,0.4068
2011-11-06,MSNBC,0.4378
2011-11-07,MSNBC,0.2304
2011-11-08,MSNBC,0.3133
2011-11-09,MSNBC,0.2219
2011-11-10,MSNBC,0.2221
2011-11-11,MSNBC,0.3357
2011-11-12,MSNBC,0.4717
2011-11-13,MSNBC,0.1741
2011-11-14,MSNBC,0.2027
2011-11-15,MSNBC,0.4031
2011-11-16,MSNBC,0.4242
2011-11-17,MSNBC,0.3542
2011-11-18,MSNBC,0.2914
2011-11-19,MSNBC,0.1166
2011-11-20,MSNBC,0.258
2011-11-21,MSNBC,0.2606
2011-11-22,MSNBC,0.2624
2011-11-23,MSNBC,0.3744
2011-11-24,MSNBC,0.2947
2011-11-25,MSNBC,0.0405
2011-11-26,MSNBC,0.7067
2011-11-27,MSNBC,0.35
2011-11-28,MSNBC,0.3691
2011-11-29,MSNBC,0.4397
2011-11-30,MSNBC,0.221
2011-12-01,MSNBC,0.4394
2011-12-02,MSNBC,0.63
2011-12-03,MSNBC,0.47
2011-12-04,MSNBC,0.2506
2011-12-05,MSNBC,0.3919
2011-12-06,MSNBC,0.5722
2011-12-07,MSNBC,0.6357
2011-12-08,MSNBC,0.4877
2011-12-09,MSNBC,0.3596
2011-12-10,MSNBC,0.3755
2011-12-11,MSNBC,0.7227
2011-12-12,MSNBC,0.5118
2011-12-13,MSNBC,0.3824
2011-12-14,MSNBC,0.403
2011-12-15,MSNBC,0.4302
2011-12-16,MSNBC,0.5445
2011-12-17,MSNBC,0.3606
2011-12-18,MSNBC,0.4433
2011-12-19,MSNBC,0.4435
2011-12-20,MSNBC,0.3382
2011-12-21,MSNBC,0.4779
2011-12-22,MSNBC,0.4524
2011-12-23,MSNBC,0.4824
2011-12-24,MSNBC,0.6071
2011-12-25,MSNBC,0
2011-12-26,MSNBC,0.3106
2011-12-27,MSNBC,0.2842
2011-12-28,MSNBC,0.1634
2011-12-29,MSNBC,0.1172
2011-12-30,MSNBC,0.3511
2011-12-31,MSNBC,0.2483
